-- phpMyAdmin SQL Dump
-- version 4.5.4.1deb2ubuntu2.1
-- http://www.phpmyadmin.net
--
-- Host: localhost
-- Generation Time: Nov 19, 2019 at 07:52 PM
-- Server version: 5.7.27-0ubuntu0.16.04.1
-- PHP Version: 7.0.33-0ubuntu0.16.04.7

SET SQL_MODE = "NO_AUTO_VALUE_ON_ZERO";
SET time_zone = "+00:00";


/*!40101 SET @OLD_CHARACTER_SET_CLIENT=@@CHARACTER_SET_CLIENT */;
/*!40101 SET @OLD_CHARACTER_SET_RESULTS=@@CHARACTER_SET_RESULTS */;
/*!40101 SET @OLD_COLLATION_CONNECTION=@@COLLATION_CONNECTION */;
/*!40101 SET NAMES utf8mb4 */;

--
-- Database: `myDB`
--

-- --------------------------------------------------------

--
-- Table structure for table `blog`
--

CREATE TABLE `blog` (
  `id` int(11) NOT NULL,
  `Title` varchar(1000) NOT NULL,
  `Content` longblob NOT NULL,
  `Date` date NOT NULL
) ENGINE=InnoDB DEFAULT CHARSET=latin1;

--
-- Dumping data for table `blog`
--

INSERT INTO `blog` (`id`, `Title`, `Content`, `Date`) VALUES
(1, 'ZYXWARE', 0x4c6f72656d20697073756d20646f6c6f722073697420616d65742c20636f6e73656374657475722061646970697363696e6720656c69742c2073656420646f20656975736d6f642074656d706f7220696e6369646964756e74207574206c61626f726520657420646f6c6f7265206d61676e6120616c697175612e204c6163696e696120717569732076656c2065726f7320646f6e6563206163206f64696f2e204f726e61726520617263752064756920766976616d757320617263752066656c697320626962656e64756d2e205068617265747261206d61676e6120616320706c61636572617420766573746962756c756d206c6563747573206d617572697320756c7472696365732e205175616d2076697665727261206f72636920736167697474697320657520766f6c7574706174206f64696f20666163696c69736973206d61757269732e204e6962682076656e656e617469732063726173207365642066656c69732e204f72636920616320617563746f72206175677565206d6175726973206175677565206e657175652e2045726f7320646f6e6563206163206f64696f2074656d706f72206f726369206461706962757320756c7472696365732e20546f72746f7220617420617563746f722075726e61206e756e6320696420637572737573206d6574757320616c697175616d20656c656966656e642e205361676974746973206f7263692061207363656c657269737175652070757275732073656d7065722e20556c74726963696573206d692065676574206d617572697320706861726574726120657420756c747269636573206e657175652e20416d657420666163696c69736973206d61676e6120657469616d2074656d706f72206f7263692065752e204d6f72626920656e696d206e756e6320666175636962757320612e204567657420616c6971756574206e696268207072616573656e7420747269737469717565206d61676e61207369742e20526973757320636f6d6d6f646f2076697665727261206d616563656e617320616363756d73616e206c616375732076656c20666163696c6973697320766f6c75747061742e2056656c697420757420746f72746f72207072657469756d20766976657272612073757370656e646973736520706f74656e7469206e756c6c616d2e205269737573207175697320766172697573207175616d2071756973717565206964206469616d2076656c2e2050757275732073697420616d657420766f6c757470617420636f6e736571756174206d6175726973206e756e6320636f6e677565206e6973692e20456c697420617420696d706572646965742064756920616363756d73616e207369742e0d0a0d0a4e696268207072616573656e7420747269737469717565206d61676e612073697420616d65742e2053656d206e756c6c61207068617265747261206469616d2073697420616d6574206e69736c2e20496e74656765722066657567696174207363656c6572697371756520766172697573206d6f7262692e20556c74726963696573206c656f20696e7465676572206d616c657375616461206e756e632076656c2e20416320617563746f72206175677565206d6175726973206175677565206e6571756520677261766964612e2050756c76696e61722073617069656e206574206c6967756c6120756c6c616d636f72706572206d616c6573756164612070726f696e206c696265726f206e756e6320636f6e7365717561742e2053697420616d65742076656e656e617469732075726e61206375727375732065676574206e756e632e204e69736c20707572757320696e206d6f6c6c6973206e756e63207365642e204375727375732065676574206e756e63207363656c657269737175652076697665727261206d617572697320696e2e20457520636f6e7365717561742061632066656c697320646f6e65632065742e20426c616e64697420766f6c7574706174206d616563656e617320766f6c757470617420626c616e64697420616c697175616d20657469616d20657261742076656c6974207363656c657269737175652e204475697320636f6e76616c6c697320636f6e76616c6c69732074656c6c757320696420696e74657264756d2076656c69742e204e65717565206567657374617320636f6e67756520717569737175652065676573746173206469616d20696e20617263752e20436f6e736563746574757220612065726174206e616d206174206c65637475732075726e6120647569732e204d617373612073656420656c656d656e74756d2074656d70757320656765737461732073656420736564207269737573207072657469756d207175616d2e20496e206d617373612074656d706f72206e65632066657567696174206e69736c207072657469756d2066757363652069642076656c69742e, '2019-01-01'),
(2, 'TCS', 0x4c6f72656d20697073756d20646f6c6f722073697420616d65742c20636f6e73656374657475722061646970697363696e6720656c69742c2073656420646f20656975736d6f642074656d706f7220696e6369646964756e74207574206c61626f726520657420646f6c6f7265206d61676e6120616c697175612e204c6163696e696120717569732076656c2065726f7320646f6e6563206163206f64696f2e204f726e61726520617263752064756920766976616d757320617263752066656c697320626962656e64756d2e205068617265747261206d61676e6120616320706c61636572617420766573746962756c756d206c6563747573206d617572697320756c7472696365732e205175616d2076697665727261206f72636920736167697474697320657520766f6c7574706174206f64696f20666163696c69736973206d61757269732e204e6962682076656e656e617469732063726173207365642066656c69732e204f72636920616320617563746f72206175677565206d6175726973206175677565206e657175652e2045726f7320646f6e6563206163206f64696f2074656d706f72206f726369206461706962757320756c7472696365732e20546f72746f7220617420617563746f722075726e61206e756e6320696420637572737573206d6574757320616c697175616d20656c656966656e642e205361676974746973206f7263692061207363656c657269737175652070757275732073656d7065722e20556c74726963696573206d692065676574206d617572697320706861726574726120657420756c747269636573206e657175652e20416d657420666163696c69736973206d61676e6120657469616d2074656d706f72206f7263692065752e204d6f72626920656e696d206e756e6320666175636962757320612e204567657420616c6971756574206e696268207072616573656e7420747269737469717565206d61676e61207369742e20526973757320636f6d6d6f646f2076697665727261206d616563656e617320616363756d73616e206c616375732076656c20666163696c6973697320766f6c75747061742e2056656c697420757420746f72746f72207072657469756d20766976657272612073757370656e646973736520706f74656e7469206e756c6c616d2e205269737573207175697320766172697573207175616d2071756973717565206964206469616d2076656c2e2050757275732073697420616d657420766f6c757470617420636f6e736571756174206d6175726973206e756e6320636f6e677565206e6973692e20456c697420617420696d706572646965742064756920616363756d73616e207369742e0d0a0d0a4e696268207072616573656e7420747269737469717565206d61676e612073697420616d65742e2053656d206e756c6c61207068617265747261206469616d2073697420616d6574206e69736c2e20496e74656765722066657567696174207363656c6572697371756520766172697573206d6f7262692e20556c74726963696573206c656f20696e7465676572206d616c657375616461206e756e632076656c2e20416320617563746f72206175677565206d6175726973206175677565206e6571756520677261766964612e2050756c76696e61722073617069656e206574206c6967756c6120756c6c616d636f72706572206d616c6573756164612070726f696e206c696265726f206e756e6320636f6e7365717561742e2053697420616d65742076656e656e617469732075726e61206375727375732065676574206e756e632e204e69736c20707572757320696e206d6f6c6c6973206e756e63207365642e204375727375732065676574206e756e63207363656c657269737175652076697665727261206d617572697320696e2e20457520636f6e7365717561742061632066656c697320646f6e65632065742e20426c616e64697420766f6c7574706174206d616563656e617320766f6c757470617420626c616e64697420616c697175616d20657469616d20657261742076656c6974207363656c657269737175652e204475697320636f6e76616c6c697320636f6e76616c6c69732074656c6c757320696420696e74657264756d2076656c69742e204e65717565206567657374617320636f6e67756520717569737175652065676573746173206469616d20696e20617263752e20436f6e736563746574757220612065726174206e616d206174206c65637475732075726e6120647569732e204d617373612073656420656c656d656e74756d2074656d70757320656765737461732073656420736564207269737573207072657469756d207175616d2e20496e206d617373612074656d706f72206e65632066657567696174206e69736c207072657469756d2066757363652069642076656c69742e0d0a0d0a4e69736c20636f6e64696d656e74756d206964, '2019-01-23'),
(3, 'Infosys', 0x4c6f72656d20697073756d20646f6c6f722073697420616d65742c20636f6e73656374657475722061646970697363696e6720656c69742c2073656420646f20656975736d6f642074656d706f7220696e6369646964756e74207574206c61626f726520657420646f6c6f7265206d61676e6120616c697175612e204c6163696e696120717569732076656c2065726f7320646f6e6563206163206f64696f2e204f726e61726520617263752064756920766976616d757320617263752066656c697320626962656e64756d2e205068617265747261206d61676e6120616320706c61636572617420766573746962756c756d206c6563747573206d617572697320756c7472696365732e205175616d2076697665727261206f72636920736167697474697320657520766f6c7574706174206f64696f20666163696c69736973206d61757269732e204e6962682076656e656e617469732063726173207365642066656c69732e204f72636920616320617563746f72206175677565206d6175726973206175677565206e657175652e2045726f7320646f6e6563206163206f64696f2074656d706f72206f726369206461706962757320756c7472696365732e20546f72746f7220617420617563746f722075726e61206e756e6320696420637572737573206d6574757320616c697175616d20656c656966656e642e205361676974746973206f7263692061207363656c657269737175652070757275732073656d7065722e20556c74726963696573206d692065676574206d617572697320706861726574726120657420756c747269636573206e657175652e20416d657420666163696c69736973206d61676e6120657469616d2074656d706f72206f7263692065752e204d6f72626920656e696d206e756e6320666175636962757320612e204567657420616c6971756574206e696268207072616573656e7420747269737469717565206d61676e61207369742e20526973757320636f6d6d6f646f2076697665727261206d616563656e617320616363756d73616e206c616375732076656c20666163696c6973697320766f6c75747061742e2056656c697420757420746f72746f72207072657469756d20766976657272612073757370656e646973736520706f74656e7469206e756c6c616d2e205269737573207175697320766172697573207175616d2071756973717565206964206469616d2076656c2e2050757275732073697420616d657420766f6c757470617420636f6e736571756174206d6175726973206e756e6320636f6e677565206e6973692e20456c697420617420696d706572646965742064756920616363756d73616e207369742e204e696268207072616573656e7420747269737469717565206d61676e612073697420616d65742e2053656d206e756c6c61207068617265747261206469616d2073697420616d6574206e69736c2e20496e74656765722066657567696174207363656c6572697371756520766172697573206d6f7262692e20556c74726963696573206c656f20696e7465676572206d616c657375616461206e756e632076656c2e20416320617563746f72206175677565206d6175726973206175677565206e6571756520677261766964612e2050756c76696e61722073617069656e206574206c6967756c6120756c6c616d636f72706572206d616c6573756164612070726f696e206c696265726f206e756e6320636f6e7365717561742e2053697420616d65742076656e656e617469732075726e61206375727375732065676574206e756e632e202e2e2e4c6f72656d20697073756d20646f6c6f722073697420616d65742c20636f6e73656374657475722061646970697363696e6720656c69742c2073656420646f20656975736d6f642074656d706f7220696e6369646964756e74207574206c61626f726520657420646f6c6f7265206d61676e6120616c697175612e204c6163696e696120717569732076656c2065726f7320646f6e6563206163206f64696f2e204f726e61726520617263752064756920766976616d757320617263752066656c697320626962656e64756d2e205068617265747261206d61676e6120616320706c61636572617420766573746962756c756d206c6563747573206d617572697320756c7472696365732e205175616d2076697665727261206f72636920736167697474697320657520766f6c7574706174206f64696f20666163696c69736973206d61757269732e204e6962682076656e656e617469732063726173207365642066656c69732e204f72636920616320617563746f72206175677565206d6175726973206175677565206e657175652e2045726f7320646f6e6563206163206f64696f2074656d706f72206f726369206461706962757320756c7472696365732e20546f72746f7220617420617563746f722075726e61206e756e6320696420637572737573206d6574757320616c697175616d20656c656966656e642e205361676974746973206f7263692061207363656c657269737175652070757275732073656d7065722e20556c74726963696573206d692065676574206d617572697320706861726574726120657420756c747269636573206e657175652e20416d657420666163696c69736973206d61676e6120657469616d2074656d706f72206f7263692065752e204d6f72626920656e696d206e756e6320666175636962757320612e204567657420616c6971756574206e696268207072616573656e7420747269737469717565206d61676e61207369742e20526973757320636f6d6d6f646f2076697665727261206d616563656e617320616363756d73616e206c616375732076656c20666163696c6973697320766f6c75747061742e2056656c697420757420746f72746f72207072657469756d20766976657272612073757370656e646973736520706f74656e7469206e756c6c616d2e205269737573207175697320766172697573207175616d2071756973717565206964206469616d2076656c2e2050757275732073697420616d657420766f6c757470617420636f6e736571756174206d6175726973206e756e6320636f6e677565206e6973692e20456c697420617420696d706572646965742064756920616363756d73616e207369742e204e696268207072616573656e7420747269737469717565206d61676e612073697420616d65742e2053656d206e756c6c61207068617265747261206469616d2073697420616d6574206e69736c2e20496e74656765722066657567696174207363656c6572697371756520766172697573206d6f7262692e20556c74726963696573206c656f20696e7465676572206d616c657375616461206e756e632076656c2e20416320617563746f72206175677565206d6175726973206175677565206e6571756520677261766964612e2050756c76696e61722073617069656e206574206c6967756c6120756c6c616d636f72706572206d616c6573756164612070726f696e206c696265726f206e756e6320636f6e7365717561742e2053697420616d65742076656e656e617469732075726e61206375727375732065676574206e756e632e202e2e2e, '2019-01-01'),
(6, 'asdsa', 0x4c6f72656d20697073756d20646f6c6f722073697420616d65742c20636f6e73656374657475722061646970697363696e6720656c69742c2073656420646f20656975736d6f642074656d706f7220696e6369646964756e74207574206c61626f726520657420646f6c6f7265206d61676e6120616c697175612e204c6163696e696120717569732076656c2065726f7320646f6e6563206163206f64696f2e204f726e61726520617263752064756920766976616d757320617263752066656c697320626962656e64756d2e205068617265747261206d61676e6120616320706c61636572617420766573746962756c756d206c6563747573206d617572697320756c7472696365732e205175616d2076697665727261206f72636920736167697474697320657520766f6c7574706174206f64696f20666163696c69736973206d61757269732e204e6962682076656e656e617469732063726173207365642066656c69732e204f72636920616320617563746f72206175677565206d6175726973206175677565206e657175652e2045726f7320646f6e6563206163206f64696f2074656d706f72206f726369206461706962757320756c7472696365732e20546f72746f7220617420617563746f722075726e61206e756e6320696420637572737573206d6574757320616c697175616d20656c656966656e642e205361676974746973206f7263692061207363656c657269737175652070757275732073656d7065722e20556c74726963696573206d692065676574206d617572697320706861726574726120657420756c747269636573206e657175652e20416d657420666163696c69736973206d61676e6120657469616d2074656d706f72206f7263692065752e204d6f72626920656e696d206e756e6320666175636962757320612e204567657420616c6971756574206e696268207072616573656e7420747269737469717565206d61676e61207369742e20526973757320636f6d6d6f646f2076697665727261206d616563656e617320616363756d73616e206c616375732076656c20666163696c6973697320766f6c75747061742e2056656c697420757420746f72746f72207072657469756d20766976657272612073757370656e646973736520706f74656e7469206e756c6c616d2e205269737573207175697320766172697573207175616d2071756973717565206964206469616d2076656c2e2050757275732073697420616d657420766f6c757470617420636f6e736571756174206d6175726973206e756e6320636f6e677565206e6973692e20456c697420617420696d706572646965742064756920616363756d73616e207369742e204e696268207072616573656e7420747269737469717565206d61676e612073697420616d65742e2053656d206e756c6c61207068617265747261206469616d2073697420616d6574206e69736c2e20496e74656765722066657567696174207363656c6572697371756520766172697573206d6f7262692e20556c74726963696573206c656f20696e7465676572206d616c657375616461206e756e632076656c2e20416320617563746f72206175677565206d6175726973206175677565206e6571756520677261766964612e2050756c76696e61722073617069656e206574206c6967756c6120756c6c616d636f72706572206d616c6573756164612070726f696e206c696265726f206e756e6320636f6e7365717561742e2053697420616d65742076656e656e617469732075726e61206375727375732065676574206e756e632e202e2e2e, '2019-01-01'),
(7, 'dfgdfg', 0x4c6f72656d20697073756d20646f6c6f722073697420616d65742c20636f6e73656374657475722061646970697363696e6720656c69742c2073656420646f20656975736d6f642074656d706f7220696e6369646964756e74207574206c61626f726520657420646f6c6f7265206d61676e6120616c697175612e204c6163696e696120717569732076656c2065726f7320646f6e6563206163206f64696f2e204f726e61726520617263752064756920766976616d757320617263752066656c697320626962656e64756d2e205068617265747261206d61676e6120616320706c61636572617420766573746962756c756d206c6563747573206d617572697320756c7472696365732e205175616d2076697665727261206f72636920736167697474697320657520766f6c7574706174206f64696f20666163696c69736973206d61757269732e204e6962682076656e656e617469732063726173207365642066656c69732e204f72636920616320617563746f72206175677565206d6175726973206175677565206e657175652e2045726f7320646f6e6563206163206f64696f2074656d706f72206f726369206461706962757320756c7472696365732e20546f72746f7220617420617563746f722075726e61206e756e6320696420637572737573206d6574757320616c697175616d20656c656966656e642e205361676974746973206f7263692061207363656c657269737175652070757275732073656d7065722e20556c74726963696573206d692065676574206d617572697320706861726574726120657420756c747269636573206e657175652e20416d657420666163696c69736973206d61676e6120657469616d2074656d706f72206f7263692065752e204d6f72626920656e696d206e756e6320666175636962757320612e204567657420616c6971756574206e696268207072616573656e7420747269737469717565206d61676e61207369742e20526973757320636f6d6d6f646f2076697665727261206d616563656e617320616363756d73616e206c616375732076656c20666163696c6973697320766f6c75747061742e2056656c697420757420746f72746f72207072657469756d20766976657272612073757370656e646973736520706f74656e7469206e756c6c616d2e205269737573207175697320766172697573207175616d2071756973717565206964206469616d2076656c2e2050757275732073697420616d657420766f6c757470617420636f6e736571756174206d6175726973206e756e6320636f6e677565206e6973692e20456c697420617420696d706572646965742064756920616363756d73616e207369742e204e696268207072616573656e7420747269737469717565206d61676e612073697420616d65742e2053656d206e756c6c61207068617265747261206469616d2073697420616d6574206e69736c2e20496e74656765722066657567696174207363656c6572697371756520766172697573206d6f7262692e20556c74726963696573206c656f20696e7465676572206d616c657375616461206e756e632076656c2e20416320617563746f72206175677565206d6175726973206175677565206e6571756520677261766964612e2050756c76696e61722073617069656e206574206c6967756c6120756c6c616d636f72706572206d616c6573756164612070726f696e206c696265726f206e756e6320636f6e7365717561742e2053697420616d65742076656e656e617469732075726e61206375727375732065676574206e756e632e202e2e2e, '2019-01-01'),
(8, 'hgjhj', 0x4c6f72656d20697073756d20646f6c6f722073697420616d65742c20636f6e73656374657475722061646970697363696e6720656c69742c2073656420646f20656975736d6f642074656d706f7220696e6369646964756e74207574206c61626f726520657420646f6c6f7265206d61676e6120616c697175612e204c6163696e696120717569732076656c2065726f7320646f6e6563206163206f64696f2e204f726e61726520617263752064756920766976616d757320617263752066656c697320626962656e64756d2e205068617265747261206d61676e6120616320706c61636572617420766573746962756c756d206c6563747573206d617572697320756c7472696365732e205175616d2076697665727261206f72636920736167697474697320657520766f6c7574706174206f64696f20666163696c69736973206d61757269732e204e6962682076656e656e617469732063726173207365642066656c69732e204f72636920616320617563746f72206175677565206d6175726973206175677565206e657175652e2045726f7320646f6e6563206163206f64696f2074656d706f72206f726369206461706962757320756c7472696365732e20546f72746f7220617420617563746f722075726e61206e756e6320696420637572737573206d6574757320616c697175616d20656c656966656e642e205361676974746973206f7263692061207363656c657269737175652070757275732073656d7065722e20556c74726963696573206d692065676574206d617572697320706861726574726120657420756c747269636573206e657175652e20416d657420666163696c69736973206d61676e6120657469616d2074656d706f72206f7263692065752e204d6f72626920656e696d206e756e6320666175636962757320612e204567657420616c6971756574206e696268207072616573656e7420747269737469717565206d61676e61207369742e20526973757320636f6d6d6f646f2076697665727261206d616563656e617320616363756d73616e206c616375732076656c20666163696c6973697320766f6c75747061742e2056656c697420757420746f72746f72207072657469756d20766976657272612073757370656e646973736520706f74656e7469206e756c6c616d2e205269737573207175697320766172697573207175616d2071756973717565206964206469616d2076656c2e2050757275732073697420616d657420766f6c757470617420636f6e736571756174206d6175726973206e756e6320636f6e677565206e6973692e20456c697420617420696d706572646965742064756920616363756d73616e207369742e204e696268207072616573656e7420747269737469717565206d61676e612073697420616d65742e2053656d206e756c6c61207068617265747261206469616d2073697420616d6574206e69736c2e20496e74656765722066657567696174207363656c6572697371756520766172697573206d6f7262692e20556c74726963696573206c656f20696e7465676572206d616c657375616461206e756e632076656c2e20416320617563746f72206175677565206d6175726973206175677565206e6571756520677261766964612e2050756c76696e61722073617069656e206574206c6967756c6120756c6c616d636f72706572206d616c6573756164612070726f696e206c696265726f206e756e6320636f6e7365717561742e2053697420616d65742076656e656e617469732075726e61206375727375732065676574206e756e632e202e2e2e, '2019-01-01'),
(9, 'hgjj', 0x4c6f72656d20697073756d20646f6c6f722073697420616d65742c20636f6e73656374657475722061646970697363696e6720656c69742c2073656420646f20656975736d6f642074656d706f7220696e6369646964756e74207574206c61626f726520657420646f6c6f7265206d61676e6120616c697175612e204c6163696e696120717569732076656c2065726f7320646f6e6563206163206f64696f2e204f726e61726520617263752064756920766976616d757320617263752066656c697320626962656e64756d2e205068617265747261206d61676e6120616320706c61636572617420766573746962756c756d206c6563747573206d617572697320756c7472696365732e205175616d2076697665727261206f72636920736167697474697320657520766f6c7574706174206f64696f20666163696c69736973206d61757269732e204e6962682076656e656e617469732063726173207365642066656c69732e204f72636920616320617563746f72206175677565206d6175726973206175677565206e657175652e2045726f7320646f6e6563206163206f64696f2074656d706f72206f726369206461706962757320756c7472696365732e20546f72746f7220617420617563746f722075726e61206e756e6320696420637572737573206d6574757320616c697175616d20656c656966656e642e205361676974746973206f7263692061207363656c657269737175652070757275732073656d7065722e20556c74726963696573206d692065676574206d617572697320706861726574726120657420756c747269636573206e657175652e20416d657420666163696c69736973206d61676e6120657469616d2074656d706f72206f7263692065752e204d6f72626920656e696d206e756e6320666175636962757320612e204567657420616c6971756574206e696268207072616573656e7420747269737469717565206d61676e61207369742e20526973757320636f6d6d6f646f2076697665727261206d616563656e617320616363756d73616e206c616375732076656c20666163696c6973697320766f6c75747061742e2056656c697420757420746f72746f72207072657469756d20766976657272612073757370656e646973736520706f74656e7469206e756c6c616d2e205269737573207175697320766172697573207175616d2071756973717565206964206469616d2076656c2e2050757275732073697420616d657420766f6c757470617420636f6e736571756174206d6175726973206e756e6320636f6e677565206e6973692e20456c697420617420696d706572646965742064756920616363756d73616e207369742e204e696268207072616573656e7420747269737469717565206d61676e612073697420616d65742e2053656d206e756c6c61207068617265747261206469616d2073697420616d6574206e69736c2e20496e74656765722066657567696174207363656c6572697371756520766172697573206d6f7262692e20556c74726963696573206c656f20696e7465676572206d616c657375616461206e756e632076656c2e20416320617563746f72206175677565206d6175726973206175677565206e6571756520677261766964612e2050756c76696e61722073617069656e206574206c6967756c6120756c6c616d636f72706572206d616c6573756164612070726f696e206c696265726f206e756e6320636f6e7365717561742e2053697420616d65742076656e656e617469732075726e61206375727375732065676574206e756e632e202e2e2e, '2019-01-01'),
(10, 'ewrewr', 0x4c6f72656d20697073756d20646f6c6f722073697420616d65742c20636f6e73656374657475722061646970697363696e6720656c69742c2073656420646f20656975736d6f642074656d706f7220696e6369646964756e74207574206c61626f726520657420646f6c6f7265206d61676e6120616c697175612e204c6163696e696120717569732076656c2065726f7320646f6e6563206163206f64696f2e204f726e61726520617263752064756920766976616d757320617263752066656c697320626962656e64756d2e205068617265747261206d61676e6120616320706c61636572617420766573746962756c756d206c6563747573206d617572697320756c7472696365732e205175616d2076697665727261206f72636920736167697474697320657520766f6c7574706174206f64696f20666163696c69736973206d61757269732e204e6962682076656e656e617469732063726173207365642066656c69732e204f72636920616320617563746f72206175677565206d6175726973206175677565206e657175652e2045726f7320646f6e6563206163206f64696f2074656d706f72206f726369206461706962757320756c7472696365732e20546f72746f7220617420617563746f722075726e61206e756e6320696420637572737573206d6574757320616c697175616d20656c656966656e642e205361676974746973206f7263692061207363656c657269737175652070757275732073656d7065722e20556c74726963696573206d692065676574206d617572697320706861726574726120657420756c747269636573206e657175652e20416d657420666163696c69736973206d61676e6120657469616d2074656d706f72206f7263692065752e204d6f72626920656e696d206e756e6320666175636962757320612e204567657420616c6971756574206e696268207072616573656e7420747269737469717565206d61676e61207369742e20526973757320636f6d6d6f646f2076697665727261206d616563656e617320616363756d73616e206c616375732076656c20666163696c6973697320766f6c75747061742e2056656c697420757420746f72746f72207072657469756d20766976657272612073757370656e646973736520706f74656e7469206e756c6c616d2e205269737573207175697320766172697573207175616d2071756973717565206964206469616d2076656c2e2050757275732073697420616d657420766f6c757470617420636f6e736571756174206d6175726973206e756e6320636f6e677565206e6973692e20456c697420617420696d706572646965742064756920616363756d73616e207369742e204e696268207072616573656e7420747269737469717565206d61676e612073697420616d65742e2053656d206e756c6c61207068617265747261206469616d2073697420616d6574206e69736c2e20496e74656765722066657567696174207363656c6572697371756520766172697573206d6f7262692e20556c74726963696573206c656f20696e7465676572206d616c657375616461206e756e632076656c2e20416320617563746f72206175677565206d6175726973206175677565206e6571756520677261766964612e2050756c76696e61722073617069656e206574206c6967756c6120756c6c616d636f72706572206d616c6573756164612070726f696e206c696265726f206e756e6320636f6e7365717561742e2053697420616d65742076656e656e617469732075726e61206375727375732065676574206e756e632e202e2e2e, '2019-01-01'),
(11, 'dfgdf', 0x4c6f72656d20697073756d20646f6c6f722073697420616d65742c20636f6e73656374657475722061646970697363696e6720656c69742c2073656420646f20656975736d6f642074656d706f7220696e6369646964756e74207574206c61626f726520657420646f6c6f7265206d61676e6120616c697175612e204c6163696e696120717569732076656c2065726f7320646f6e6563206163206f64696f2e204f726e61726520617263752064756920766976616d757320617263752066656c697320626962656e64756d2e205068617265747261206d61676e6120616320706c61636572617420766573746962756c756d206c6563747573206d617572697320756c7472696365732e205175616d2076697665727261206f72636920736167697474697320657520766f6c7574706174206f64696f20666163696c69736973206d61757269732e204e6962682076656e656e617469732063726173207365642066656c69732e204f72636920616320617563746f72206175677565206d6175726973206175677565206e657175652e2045726f7320646f6e6563206163206f64696f2074656d706f72206f726369206461706962757320756c7472696365732e20546f72746f7220617420617563746f722075726e61206e756e6320696420637572737573206d6574757320616c697175616d20656c656966656e642e205361676974746973206f7263692061207363656c657269737175652070757275732073656d7065722e20556c74726963696573206d692065676574206d617572697320706861726574726120657420756c747269636573206e657175652e20416d657420666163696c69736973206d61676e6120657469616d2074656d706f72206f7263692065752e204d6f72626920656e696d206e756e6320666175636962757320612e204567657420616c6971756574206e696268207072616573656e7420747269737469717565206d61676e61207369742e20526973757320636f6d6d6f646f2076697665727261206d616563656e617320616363756d73616e206c616375732076656c20666163696c6973697320766f6c75747061742e2056656c697420757420746f72746f72207072657469756d20766976657272612073757370656e646973736520706f74656e7469206e756c6c616d2e205269737573207175697320766172697573207175616d2071756973717565206964206469616d2076656c2e2050757275732073697420616d657420766f6c757470617420636f6e736571756174206d6175726973206e756e6320636f6e677565206e6973692e20456c697420617420696d706572646965742064756920616363756d73616e207369742e204e696268207072616573656e7420747269737469717565206d61676e612073697420616d65742e2053656d206e756c6c61207068617265747261206469616d2073697420616d6574206e69736c2e20496e74656765722066657567696174207363656c6572697371756520766172697573206d6f7262692e20556c74726963696573206c656f20696e7465676572206d616c657375616461206e756e632076656c2e20416320617563746f72206175677565206d6175726973206175677565206e6571756520677261766964612e2050756c76696e61722073617069656e206574206c6967756c6120756c6c616d636f72706572206d616c6573756164612070726f696e206c696265726f206e756e6320636f6e7365717561742e2053697420616d65742076656e656e617469732075726e61206375727375732065676574206e756e632e202e2e2e, '2019-01-01'),
(12, 'reter', 0x4c6f72656d20697073756d20646f6c6f722073697420616d65742c20636f6e73656374657475722061646970697363696e6720656c69742c2073656420646f20656975736d6f642074656d706f7220696e6369646964756e74207574206c61626f726520657420646f6c6f7265206d61676e6120616c697175612e204c6163696e696120717569732076656c2065726f7320646f6e6563206163206f64696f2e204f726e61726520617263752064756920766976616d757320617263752066656c697320626962656e64756d2e205068617265747261206d61676e6120616320706c61636572617420766573746962756c756d206c6563747573206d617572697320756c7472696365732e205175616d2076697665727261206f72636920736167697474697320657520766f6c7574706174206f64696f20666163696c69736973206d61757269732e204e6962682076656e656e617469732063726173207365642066656c69732e204f72636920616320617563746f72206175677565206d6175726973206175677565206e657175652e2045726f7320646f6e6563206163206f64696f2074656d706f72206f726369206461706962757320756c7472696365732e20546f72746f7220617420617563746f722075726e61206e756e6320696420637572737573206d6574757320616c697175616d20656c656966656e642e205361676974746973206f7263692061207363656c657269737175652070757275732073656d7065722e20556c74726963696573206d692065676574206d617572697320706861726574726120657420756c747269636573206e657175652e20416d657420666163696c69736973206d61676e6120657469616d2074656d706f72206f7263692065752e204d6f72626920656e696d206e756e6320666175636962757320612e204567657420616c6971756574206e696268207072616573656e7420747269737469717565206d61676e61207369742e20526973757320636f6d6d6f646f2076697665727261206d616563656e617320616363756d73616e206c616375732076656c20666163696c6973697320766f6c75747061742e2056656c697420757420746f72746f72207072657469756d20766976657272612073757370656e646973736520706f74656e7469206e756c6c616d2e205269737573207175697320766172697573207175616d2071756973717565206964206469616d2076656c2e2050757275732073697420616d657420766f6c757470617420636f6e736571756174206d6175726973206e756e6320636f6e677565206e6973692e20456c697420617420696d706572646965742064756920616363756d73616e207369742e204e696268207072616573656e7420747269737469717565206d61676e612073697420616d65742e2053656d206e756c6c61207068617265747261206469616d2073697420616d6574206e69736c2e20496e74656765722066657567696174207363656c6572697371756520766172697573206d6f7262692e20556c74726963696573206c656f20696e7465676572206d616c657375616461206e756e632076656c2e20416320617563746f72206175677565206d6175726973206175677565206e6571756520677261766964612e2050756c76696e61722073617069656e206574206c6967756c6120756c6c616d636f72706572206d616c6573756164612070726f696e206c696265726f206e756e6320636f6e7365717561742e2053697420616d65742076656e656e617469732075726e61206375727375732065676574206e756e632e202e2e2e, '2019-01-01'),
(13, 'zsxaxasa', 0x4c6f72656d20697073756d20646f6c6f722073697420616d65742c20636f6e73656374657475722061646970697363696e6720656c69742c2073656420646f20656975736d6f642074656d706f7220696e6369646964756e74207574206c61626f726520657420646f6c6f7265206d61676e6120616c697175612e204c6163696e696120717569732076656c2065726f7320646f6e6563206163206f64696f2e204f726e61726520617263752064756920766976616d757320617263752066656c697320626962656e64756d2e205068617265747261206d61676e6120616320706c61636572617420766573746962756c756d206c6563747573206d617572697320756c7472696365732e205175616d2076697665727261206f72636920736167697474697320657520766f6c7574706174206f64696f20666163696c69736973206d61757269732e204e6962682076656e656e617469732063726173207365642066656c69732e204f72636920616320617563746f72206175677565206d6175726973206175677565206e657175652e2045726f7320646f6e6563206163206f64696f2074656d706f72206f726369206461706962757320756c7472696365732e20546f72746f7220617420617563746f722075726e61206e756e6320696420637572737573206d6574757320616c697175616d20656c656966656e642e205361676974746973206f7263692061207363656c657269737175652070757275732073656d7065722e20556c74726963696573206d692065676574206d617572697320706861726574726120657420756c747269636573206e657175652e20416d657420666163696c69736973206d61676e6120657469616d2074656d706f72206f7263692065752e204d6f72626920656e696d206e756e6320666175636962757320612e204567657420616c6971756574206e696268207072616573656e7420747269737469717565206d61676e61207369742e20526973757320636f6d6d6f646f2076697665727261206d616563656e617320616363756d73616e206c616375732076656c20666163696c6973697320766f6c75747061742e2056656c697420757420746f72746f72207072657469756d20766976657272612073757370656e646973736520706f74656e7469206e756c6c616d2e205269737573207175697320766172697573207175616d2071756973717565206964206469616d2076656c2e2050757275732073697420616d657420766f6c757470617420636f6e736571756174206d6175726973206e756e6320636f6e677565206e6973692e20456c697420617420696d706572646965742064756920616363756d73616e207369742e204e696268207072616573656e7420747269737469717565206d61676e612073697420616d65742e2053656d206e756c6c61207068617265747261206469616d2073697420616d6574206e69736c2e20496e74656765722066657567696174207363656c6572697371756520766172697573206d6f7262692e20556c74726963696573206c656f20696e7465676572206d616c657375616461206e756e632076656c2e20416320617563746f72206175677565206d6175726973206175677565206e6571756520677261766964612e2050756c76696e61722073617069656e206574206c6967756c6120756c6c616d636f72706572206d616c6573756164612070726f696e206c696265726f206e756e6320636f6e7365717561742e2053697420616d65742076656e656e617469732075726e61206375727375732065676574206e756e632e202e2e2e, '2019-01-01'),
(14, 'jkhjk', 0x4c6f72656d20697073756d20646f6c6f722073697420616d65742c20636f6e73656374657475722061646970697363696e6720656c69742c2073656420646f20656975736d6f642074656d706f7220696e6369646964756e74207574206c61626f726520657420646f6c6f7265206d61676e6120616c697175612e204c6163696e696120717569732076656c2065726f7320646f6e6563206163206f64696f2e204f726e61726520617263752064756920766976616d757320617263752066656c697320626962656e64756d2e205068617265747261206d61676e6120616320706c61636572617420766573746962756c756d206c6563747573206d617572697320756c7472696365732e205175616d2076697665727261206f72636920736167697474697320657520766f6c7574706174206f64696f20666163696c69736973206d61757269732e204e6962682076656e656e617469732063726173207365642066656c69732e204f72636920616320617563746f72206175677565206d6175726973206175677565206e657175652e2045726f7320646f6e6563206163206f64696f2074656d706f72206f726369206461706962757320756c7472696365732e20546f72746f7220617420617563746f722075726e61206e756e6320696420637572737573206d6574757320616c697175616d20656c656966656e642e205361676974746973206f7263692061207363656c657269737175652070757275732073656d7065722e20556c74726963696573206d692065676574206d617572697320706861726574726120657420756c747269636573206e657175652e20416d657420666163696c69736973206d61676e6120657469616d2074656d706f72206f7263692065752e204d6f72626920656e696d206e756e6320666175636962757320612e204567657420616c6971756574206e696268207072616573656e7420747269737469717565206d61676e61207369742e20526973757320636f6d6d6f646f2076697665727261206d616563656e617320616363756d73616e206c616375732076656c20666163696c6973697320766f6c75747061742e2056656c697420757420746f72746f72207072657469756d20766976657272612073757370656e646973736520706f74656e7469206e756c6c616d2e205269737573207175697320766172697573207175616d2071756973717565206964206469616d2076656c2e2050757275732073697420616d657420766f6c757470617420636f6e736571756174206d6175726973206e756e6320636f6e677565206e6973692e20456c697420617420696d706572646965742064756920616363756d73616e207369742e204e696268207072616573656e7420747269737469717565206d61676e612073697420616d65742e2053656d206e756c6c61207068617265747261206469616d2073697420616d6574206e69736c2e20496e74656765722066657567696174207363656c6572697371756520766172697573206d6f7262692e20556c74726963696573206c656f20696e7465676572206d616c657375616461206e756e632076656c2e20416320617563746f72206175677565206d6175726973206175677565206e6571756520677261766964612e2050756c76696e61722073617069656e206574206c6967756c6120756c6c616d636f72706572206d616c6573756164612070726f696e206c696265726f206e756e6320636f6e7365717561742e2053697420616d65742076656e656e617469732075726e61206375727375732065676574206e756e632e202e2e2e, '2019-01-01'),
(15, 'hjkjh', 0x4c6f72656d20697073756d20646f6c6f722073697420616d65742c20636f6e73656374657475722061646970697363696e6720656c69742c2073656420646f20656975736d6f642074656d706f7220696e6369646964756e74207574206c61626f726520657420646f6c6f7265206d61676e6120616c697175612e204c6163696e696120717569732076656c2065726f7320646f6e6563206163206f64696f2e204f726e61726520617263752064756920766976616d757320617263752066656c697320626962656e64756d2e205068617265747261206d61676e6120616320706c61636572617420766573746962756c756d206c6563747573206d617572697320756c7472696365732e205175616d2076697665727261206f72636920736167697474697320657520766f6c7574706174206f64696f20666163696c69736973206d61757269732e204e6962682076656e656e617469732063726173207365642066656c69732e204f72636920616320617563746f72206175677565206d6175726973206175677565206e657175652e2045726f7320646f6e6563206163206f64696f2074656d706f72206f726369206461706962757320756c7472696365732e20546f72746f7220617420617563746f722075726e61206e756e6320696420637572737573206d6574757320616c697175616d20656c656966656e642e205361676974746973206f7263692061207363656c657269737175652070757275732073656d7065722e20556c74726963696573206d692065676574206d617572697320706861726574726120657420756c747269636573206e657175652e20416d657420666163696c69736973206d61676e6120657469616d2074656d706f72206f7263692065752e204d6f72626920656e696d206e756e6320666175636962757320612e204567657420616c6971756574206e696268207072616573656e7420747269737469717565206d61676e61207369742e20526973757320636f6d6d6f646f2076697665727261206d616563656e617320616363756d73616e206c616375732076656c20666163696c6973697320766f6c75747061742e2056656c697420757420746f72746f72207072657469756d20766976657272612073757370656e646973736520706f74656e7469206e756c6c616d2e205269737573207175697320766172697573207175616d2071756973717565206964206469616d2076656c2e2050757275732073697420616d657420766f6c757470617420636f6e736571756174206d6175726973206e756e6320636f6e677565206e6973692e20456c697420617420696d706572646965742064756920616363756d73616e207369742e204e696268207072616573656e7420747269737469717565206d61676e612073697420616d65742e2053656d206e756c6c61207068617265747261206469616d2073697420616d6574206e69736c2e20496e74656765722066657567696174207363656c6572697371756520766172697573206d6f7262692e20556c74726963696573206c656f20696e7465676572206d616c657375616461206e756e632076656c2e20416320617563746f72206175677565206d6175726973206175677565206e6571756520677261766964612e2050756c76696e61722073617069656e206574206c6967756c6120756c6c616d636f72706572206d616c6573756164612070726f696e206c696265726f206e756e6320636f6e7365717561742e2053697420616d65742076656e656e617469732075726e61206375727375732065676574206e756e632e202e2e2e, '2019-01-01'),
(16, 'fghgf', 0x4c6f72656d20697073756d20646f6c6f722073697420616d65742c20636f6e73656374657475722061646970697363696e6720656c69742c2073656420646f20656975736d6f642074656d706f7220696e6369646964756e74207574206c61626f726520657420646f6c6f7265206d61676e6120616c697175612e204c6163696e696120717569732076656c2065726f7320646f6e6563206163206f64696f2e204f726e61726520617263752064756920766976616d757320617263752066656c697320626962656e64756d2e205068617265747261206d61676e6120616320706c61636572617420766573746962756c756d206c6563747573206d617572697320756c7472696365732e205175616d2076697665727261206f72636920736167697474697320657520766f6c7574706174206f64696f20666163696c69736973206d61757269732e204e6962682076656e656e617469732063726173207365642066656c69732e204f72636920616320617563746f72206175677565206d6175726973206175677565206e657175652e2045726f7320646f6e6563206163206f64696f2074656d706f72206f726369206461706962757320756c7472696365732e20546f72746f7220617420617563746f722075726e61206e756e6320696420637572737573206d6574757320616c697175616d20656c656966656e642e205361676974746973206f7263692061207363656c657269737175652070757275732073656d7065722e20556c74726963696573206d692065676574206d617572697320706861726574726120657420756c747269636573206e657175652e20416d657420666163696c69736973206d61676e6120657469616d2074656d706f72206f7263692065752e204d6f72626920656e696d206e756e6320666175636962757320612e204567657420616c6971756574206e696268207072616573656e7420747269737469717565206d61676e61207369742e20526973757320636f6d6d6f646f2076697665727261206d616563656e617320616363756d73616e206c616375732076656c20666163696c6973697320766f6c75747061742e2056656c697420757420746f72746f72207072657469756d20766976657272612073757370656e646973736520706f74656e7469206e756c6c616d2e205269737573207175697320766172697573207175616d2071756973717565206964206469616d2076656c2e2050757275732073697420616d657420766f6c757470617420636f6e736571756174206d6175726973206e756e6320636f6e677565206e6973692e20456c697420617420696d706572646965742064756920616363756d73616e207369742e204e696268207072616573656e7420747269737469717565206d61676e612073697420616d65742e2053656d206e756c6c61207068617265747261206469616d2073697420616d6574206e69736c2e20496e74656765722066657567696174207363656c6572697371756520766172697573206d6f7262692e20556c74726963696573206c656f20696e7465676572206d616c657375616461206e756e632076656c2e20416320617563746f72206175677565206d6175726973206175677565206e6571756520677261766964612e2050756c76696e61722073617069656e206574206c6967756c6120756c6c616d636f72706572206d616c6573756164612070726f696e206c696265726f206e756e6320636f6e7365717561742e2053697420616d65742076656e656e617469732075726e61206375727375732065676574206e756e632e202e2e2e, '2019-01-01'),
(17, 'tyutyutyu', 0x4c6f72656d20697073756d20646f6c6f722073697420616d65742c20636f6e73656374657475722061646970697363696e6720656c69742c2073656420646f20656975736d6f642074656d706f7220696e6369646964756e74207574206c61626f726520657420646f6c6f7265206d61676e6120616c697175612e204c6163696e696120717569732076656c2065726f7320646f6e6563206163206f64696f2e204f726e61726520617263752064756920766976616d757320617263752066656c697320626962656e64756d2e205068617265747261206d61676e6120616320706c61636572617420766573746962756c756d206c6563747573206d617572697320756c7472696365732e205175616d2076697665727261206f72636920736167697474697320657520766f6c7574706174206f64696f20666163696c69736973206d61757269732e204e6962682076656e656e617469732063726173207365642066656c69732e204f72636920616320617563746f72206175677565206d6175726973206175677565206e657175652e2045726f7320646f6e6563206163206f64696f2074656d706f72206f726369206461706962757320756c7472696365732e20546f72746f7220617420617563746f722075726e61206e756e6320696420637572737573206d6574757320616c697175616d20656c656966656e642e205361676974746973206f7263692061207363656c657269737175652070757275732073656d7065722e20556c74726963696573206d692065676574206d617572697320706861726574726120657420756c747269636573206e657175652e20416d657420666163696c69736973206d61676e6120657469616d2074656d706f72206f7263692065752e204d6f72626920656e696d206e756e6320666175636962757320612e204567657420616c6971756574206e696268207072616573656e7420747269737469717565206d61676e61207369742e20526973757320636f6d6d6f646f2076697665727261206d616563656e617320616363756d73616e206c616375732076656c20666163696c6973697320766f6c75747061742e2056656c697420757420746f72746f72207072657469756d20766976657272612073757370656e646973736520706f74656e7469206e756c6c616d2e205269737573207175697320766172697573207175616d2071756973717565206964206469616d2076656c2e2050757275732073697420616d657420766f6c757470617420636f6e736571756174206d6175726973206e756e6320636f6e677565206e6973692e20456c697420617420696d706572646965742064756920616363756d73616e207369742e204e696268207072616573656e7420747269737469717565206d61676e612073697420616d65742e2053656d206e756c6c61207068617265747261206469616d2073697420616d6574206e69736c2e20496e74656765722066657567696174207363656c6572697371756520766172697573206d6f7262692e20556c74726963696573206c656f20696e7465676572206d616c657375616461206e756e632076656c2e20416320617563746f72206175677565206d6175726973206175677565206e6571756520677261766964612e2050756c76696e61722073617069656e206574206c6967756c6120756c6c616d636f72706572206d616c6573756164612070726f696e206c696265726f206e756e6320636f6e7365717561742e2053697420616d65742076656e656e617469732075726e61206375727375732065676574206e756e632e202e2e2e, '2019-01-01'),
(18, 'dfbvdf', 0x4c6f72656d20697073756d20646f6c6f722073697420616d65742c20636f6e73656374657475722061646970697363696e6720656c69742c2073656420646f20656975736d6f642074656d706f7220696e6369646964756e74207574206c61626f726520657420646f6c6f7265206d61676e6120616c697175612e204c6163696e696120717569732076656c2065726f7320646f6e6563206163206f64696f2e204f726e61726520617263752064756920766976616d757320617263752066656c697320626962656e64756d2e205068617265747261206d61676e6120616320706c61636572617420766573746962756c756d206c6563747573206d617572697320756c7472696365732e205175616d2076697665727261206f72636920736167697474697320657520766f6c7574706174206f64696f20666163696c69736973206d61757269732e204e6962682076656e656e617469732063726173207365642066656c69732e204f72636920616320617563746f72206175677565206d6175726973206175677565206e657175652e2045726f7320646f6e6563206163206f64696f2074656d706f72206f726369206461706962757320756c7472696365732e20546f72746f7220617420617563746f722075726e61206e756e6320696420637572737573206d6574757320616c697175616d20656c656966656e642e205361676974746973206f7263692061207363656c657269737175652070757275732073656d7065722e20556c74726963696573206d692065676574206d617572697320706861726574726120657420756c747269636573206e657175652e20416d657420666163696c69736973206d61676e6120657469616d2074656d706f72206f7263692065752e204d6f72626920656e696d206e756e6320666175636962757320612e204567657420616c6971756574206e696268207072616573656e7420747269737469717565206d61676e61207369742e20526973757320636f6d6d6f646f2076697665727261206d616563656e617320616363756d73616e206c616375732076656c20666163696c6973697320766f6c75747061742e2056656c697420757420746f72746f72207072657469756d20766976657272612073757370656e646973736520706f74656e7469206e756c6c616d2e205269737573207175697320766172697573207175616d2071756973717565206964206469616d2076656c2e2050757275732073697420616d657420766f6c757470617420636f6e736571756174206d6175726973206e756e6320636f6e677565206e6973692e20456c697420617420696d706572646965742064756920616363756d73616e207369742e204e696268207072616573656e7420747269737469717565206d61676e612073697420616d65742e2053656d206e756c6c61207068617265747261206469616d2073697420616d6574206e69736c2e20496e74656765722066657567696174207363656c6572697371756520766172697573206d6f7262692e20556c74726963696573206c656f20696e7465676572206d616c657375616461206e756e632076656c2e20416320617563746f72206175677565206d6175726973206175677565206e6571756520677261766964612e2050756c76696e61722073617069656e206574206c6967756c6120756c6c616d636f72706572206d616c6573756164612070726f696e206c696265726f206e756e6320636f6e7365717561742e2053697420616d65742076656e656e617469732075726e61206375727375732065676574206e756e632e202e2e2e, '2019-01-01');
INSERT INTO `blog` (`id`, `Title`, `Content`, `Date`) VALUES
(19, 'qewqe', 0x4c6f72656d20697073756d20646f6c6f722073697420616d65742c20636f6e73656374657475722061646970697363696e6720656c69742c2073656420646f20656975736d6f642074656d706f7220696e6369646964756e74207574206c61626f726520657420646f6c6f7265206d61676e6120616c697175612e204c6163696e696120717569732076656c2065726f7320646f6e6563206163206f64696f2e204f726e61726520617263752064756920766976616d757320617263752066656c697320626962656e64756d2e205068617265747261206d61676e6120616320706c61636572617420766573746962756c756d206c6563747573206d617572697320756c7472696365732e205175616d2076697665727261206f72636920736167697474697320657520766f6c7574706174206f64696f20666163696c69736973206d61757269732e204e6962682076656e656e617469732063726173207365642066656c69732e204f72636920616320617563746f72206175677565206d6175726973206175677565206e657175652e2045726f7320646f6e6563206163206f64696f2074656d706f72206f726369206461706962757320756c7472696365732e20546f72746f7220617420617563746f722075726e61206e756e6320696420637572737573206d6574757320616c697175616d20656c656966656e642e205361676974746973206f7263692061207363656c657269737175652070757275732073656d7065722e20556c74726963696573206d692065676574206d617572697320706861726574726120657420756c747269636573206e657175652e20416d657420666163696c69736973206d61676e6120657469616d2074656d706f72206f7263692065752e204d6f72626920656e696d206e756e6320666175636962757320612e204567657420616c6971756574206e696268207072616573656e7420747269737469717565206d61676e61207369742e20526973757320636f6d6d6f646f2076697665727261206d616563656e617320616363756d73616e206c616375732076656c20666163696c6973697320766f6c75747061742e2056656c697420757420746f72746f72207072657469756d20766976657272612073757370656e646973736520706f74656e7469206e756c6c616d2e205269737573207175697320766172697573207175616d2071756973717565206964206469616d2076656c2e2050757275732073697420616d657420766f6c757470617420636f6e736571756174206d6175726973206e756e6320636f6e677565206e6973692e20456c697420617420696d706572646965742064756920616363756d73616e207369742e204e696268207072616573656e7420747269737469717565206d61676e612073697420616d65742e2053656d206e756c6c61207068617265747261206469616d2073697420616d6574206e69736c2e20496e74656765722066657567696174207363656c6572697371756520766172697573206d6f7262692e20556c74726963696573206c656f20696e7465676572206d616c657375616461206e756e632076656c2e20416320617563746f72206175677565206d6175726973206175677565206e6571756520677261766964612e2050756c76696e61722073617069656e206574206c6967756c6120756c6c616d636f72706572206d616c6573756164612070726f696e206c696265726f206e756e6320636f6e7365717561742e2053697420616d65742076656e656e617469732075726e61206375727375732065676574206e756e632e202e2e2e, '2019-01-01'),
(20, 'qweqwe', 0x4c6f72656d20697073756d20646f6c6f722073697420616d65742c20636f6e73656374657475722061646970697363696e6720656c69742c2073656420646f20656975736d6f642074656d706f7220696e6369646964756e74207574206c61626f726520657420646f6c6f7265206d61676e6120616c697175612e204c6163696e696120717569732076656c2065726f7320646f6e6563206163206f64696f2e204f726e61726520617263752064756920766976616d757320617263752066656c697320626962656e64756d2e205068617265747261206d61676e6120616320706c61636572617420766573746962756c756d206c6563747573206d617572697320756c7472696365732e205175616d2076697665727261206f72636920736167697474697320657520766f6c7574706174206f64696f20666163696c69736973206d61757269732e204e6962682076656e656e617469732063726173207365642066656c69732e204f72636920616320617563746f72206175677565206d6175726973206175677565206e657175652e2045726f7320646f6e6563206163206f64696f2074656d706f72206f726369206461706962757320756c7472696365732e20546f72746f7220617420617563746f722075726e61206e756e6320696420637572737573206d6574757320616c697175616d20656c656966656e642e205361676974746973206f7263692061207363656c657269737175652070757275732073656d7065722e20556c74726963696573206d692065676574206d617572697320706861726574726120657420756c747269636573206e657175652e20416d657420666163696c69736973206d61676e6120657469616d2074656d706f72206f7263692065752e204d6f72626920656e696d206e756e6320666175636962757320612e204567657420616c6971756574206e696268207072616573656e7420747269737469717565206d61676e61207369742e20526973757320636f6d6d6f646f2076697665727261206d616563656e617320616363756d73616e206c616375732076656c20666163696c6973697320766f6c75747061742e2056656c697420757420746f72746f72207072657469756d20766976657272612073757370656e646973736520706f74656e7469206e756c6c616d2e205269737573207175697320766172697573207175616d2071756973717565206964206469616d2076656c2e2050757275732073697420616d657420766f6c757470617420636f6e736571756174206d6175726973206e756e6320636f6e677565206e6973692e20456c697420617420696d706572646965742064756920616363756d73616e207369742e204e696268207072616573656e7420747269737469717565206d61676e612073697420616d65742e2053656d206e756c6c61207068617265747261206469616d2073697420616d6574206e69736c2e20496e74656765722066657567696174207363656c6572697371756520766172697573206d6f7262692e20556c74726963696573206c656f20696e7465676572206d616c657375616461206e756e632076656c2e20416320617563746f72206175677565206d6175726973206175677565206e6571756520677261766964612e2050756c76696e61722073617069656e206574206c6967756c6120756c6c616d636f72706572206d616c6573756164612070726f696e206c696265726f206e756e6320636f6e7365717561742e2053697420616d65742076656e656e617469732075726e61206375727375732065676574206e756e632e202e2e2e, '2019-01-01'),
(21, 'asdasasd', 0x4c6f72656d20697073756d20646f6c6f722073697420616d65742c20636f6e73656374657475722061646970697363696e6720656c69742c2073656420646f20656975736d6f642074656d706f7220696e6369646964756e74207574206c61626f726520657420646f6c6f7265206d61676e6120616c697175612e204c6163696e696120717569732076656c2065726f7320646f6e6563206163206f64696f2e204f726e61726520617263752064756920766976616d757320617263752066656c697320626962656e64756d2e205068617265747261206d61676e6120616320706c61636572617420766573746962756c756d206c6563747573206d617572697320756c7472696365732e205175616d2076697665727261206f72636920736167697474697320657520766f6c7574706174206f64696f20666163696c69736973206d61757269732e204e6962682076656e656e617469732063726173207365642066656c69732e204f72636920616320617563746f72206175677565206d6175726973206175677565206e657175652e2045726f7320646f6e6563206163206f64696f2074656d706f72206f726369206461706962757320756c7472696365732e20546f72746f7220617420617563746f722075726e61206e756e6320696420637572737573206d6574757320616c697175616d20656c656966656e642e205361676974746973206f7263692061207363656c657269737175652070757275732073656d7065722e20556c74726963696573206d692065676574206d617572697320706861726574726120657420756c747269636573206e657175652e20416d657420666163696c69736973206d61676e6120657469616d2074656d706f72206f7263692065752e204d6f72626920656e696d206e756e6320666175636962757320612e204567657420616c6971756574206e696268207072616573656e7420747269737469717565206d61676e61207369742e20526973757320636f6d6d6f646f2076697665727261206d616563656e617320616363756d73616e206c616375732076656c20666163696c6973697320766f6c75747061742e2056656c697420757420746f72746f72207072657469756d20766976657272612073757370656e646973736520706f74656e7469206e756c6c616d2e205269737573207175697320766172697573207175616d2071756973717565206964206469616d2076656c2e2050757275732073697420616d657420766f6c757470617420636f6e736571756174206d6175726973206e756e6320636f6e677565206e6973692e20456c697420617420696d706572646965742064756920616363756d73616e207369742e204e696268207072616573656e7420747269737469717565206d61676e612073697420616d65742e2053656d206e756c6c61207068617265747261206469616d2073697420616d6574206e69736c2e20496e74656765722066657567696174207363656c6572697371756520766172697573206d6f7262692e20556c74726963696573206c656f20696e7465676572206d616c657375616461206e756e632076656c2e20416320617563746f72206175677565206d6175726973206175677565206e6571756520677261766964612e2050756c76696e61722073617069656e206574206c6967756c6120756c6c616d636f72706572206d616c6573756164612070726f696e206c696265726f206e756e6320636f6e7365717561742e2053697420616d65742076656e656e617469732075726e61206375727375732065676574206e756e632e202e2e2e, '2019-01-01'),
(22, 'aaaaaaaa', 0x4c6f72656d20697073756d20646f6c6f722073697420616d65742c20636f6e73656374657475722061646970697363696e6720656c69742c2073656420646f20656975736d6f642074656d706f7220696e6369646964756e74207574206c61626f726520657420646f6c6f7265206d61676e6120616c697175612e204c6163696e696120717569732076656c2065726f7320646f6e6563206163206f64696f2e204f726e61726520617263752064756920766976616d757320617263752066656c697320626962656e64756d2e205068617265747261206d61676e6120616320706c61636572617420766573746962756c756d206c6563747573206d617572697320756c7472696365732e205175616d2076697665727261206f72636920736167697474697320657520766f6c7574706174206f64696f20666163696c69736973206d61757269732e204e6962682076656e656e617469732063726173207365642066656c69732e204f72636920616320617563746f72206175677565206d6175726973206175677565206e657175652e2045726f7320646f6e6563206163206f64696f2074656d706f72206f726369206461706962757320756c7472696365732e20546f72746f7220617420617563746f722075726e61206e756e6320696420637572737573206d6574757320616c697175616d20656c656966656e642e205361676974746973206f7263692061207363656c657269737175652070757275732073656d7065722e20556c74726963696573206d692065676574206d617572697320706861726574726120657420756c747269636573206e657175652e20416d657420666163696c69736973206d61676e6120657469616d2074656d706f72206f7263692065752e204d6f72626920656e696d206e756e6320666175636962757320612e204567657420616c6971756574206e696268207072616573656e7420747269737469717565206d61676e61207369742e20526973757320636f6d6d6f646f2076697665727261206d616563656e617320616363756d73616e206c616375732076656c20666163696c6973697320766f6c75747061742e2056656c697420757420746f72746f72207072657469756d20766976657272612073757370656e646973736520706f74656e7469206e756c6c616d2e205269737573207175697320766172697573207175616d2071756973717565206964206469616d2076656c2e2050757275732073697420616d657420766f6c757470617420636f6e736571756174206d6175726973206e756e6320636f6e677565206e6973692e20456c697420617420696d706572646965742064756920616363756d73616e207369742e204e696268207072616573656e7420747269737469717565206d61676e612073697420616d65742e2053656d206e756c6c61207068617265747261206469616d2073697420616d6574206e69736c2e20496e74656765722066657567696174207363656c6572697371756520766172697573206d6f7262692e20556c74726963696573206c656f20696e7465676572206d616c657375616461206e756e632076656c2e20416320617563746f72206175677565206d6175726973206175677565206e6571756520677261766964612e2050756c76696e61722073617069656e206574206c6967756c6120756c6c616d636f72706572206d616c6573756164612070726f696e206c696265726f206e756e6320636f6e7365717561742e2053697420616d65742076656e656e617469732075726e61206375727375732065676574206e756e632e202e2e2e, '2019-01-01'),
(23, 'asdas', 0x617361647361736461736461, '2019-01-01'),
(25, 'asdsads', 0x4c6f72656d20697073756d20646f6c6f722073697420616d65742c20636f6e73656374657475722061646970697363696e6720656c69742c2073656420646f20656975736d6f642074656d706f7220696e6369646964756e74207574206c61626f726520657420646f6c6f7265206d61676e6120616c697175612e204c6163696e696120717569732076656c2065726f7320646f6e6563206163206f64696f2e204f726e61726520617263752064756920766976616d757320617263752066656c697320626962656e64756d2e205068617265747261206d61676e6120616320706c61636572617420766573746962756c756d206c6563747573206d617572697320756c7472696365732e205175616d2076697665727261206f72636920736167697474697320657520766f6c7574706174206f64696f20666163696c69736973206d61757269732e204e6962682076656e656e617469732063726173207365642066656c69732e204f72636920616320617563746f72206175677565206d6175726973206175677565206e657175652e2045726f7320646f6e6563206163206f64696f2074656d706f72206f726369206461706962757320756c7472696365732e20546f72746f7220617420617563746f722075726e61206e756e6320696420637572737573206d6574757320616c697175616d20656c656966656e642e205361676974746973206f7263692061207363656c657269737175652070757275732073656d7065722e20556c74726963696573206d692065676574206d617572697320706861726574726120657420756c747269636573206e657175652e20416d657420666163696c69736973206d61676e6120657469616d2074656d706f72206f7263692065752e204d6f72626920656e696d206e756e6320666175636962757320612e204567657420616c6971756574206e696268207072616573656e7420747269737469717565206d61676e61207369742e20526973757320636f6d6d6f646f2076697665727261206d616563656e617320616363756d73616e206c616375732076656c20666163696c6973697320766f6c75747061742e2056656c697420757420746f72746f72207072657469756d20766976657272612073757370656e646973736520706f74656e7469206e756c6c616d2e205269737573207175697320766172697573207175616d2071756973717565206964206469616d2076656c2e2050757275732073697420616d657420766f6c757470617420636f6e736571756174206d6175726973206e756e6320636f6e677565206e6973692e20456c697420617420696d706572646965742064756920616363756d73616e207369742e204e696268207072616573656e7420747269737469717565206d61676e612073697420616d65742e2053656d206e756c6c61207068617265747261206469616d2073697420616d6574206e69736c2e20496e74656765722066657567696174207363656c6572697371756520766172697573206d6f7262692e20556c74726963696573206c656f20696e7465676572206d616c657375616461206e756e632076656c2e20416320617563746f72206175677565206d6175726973206175677565206e6571756520677261766964612e2050756c76696e61722073617069656e206574206c6967756c6120756c6c616d636f72706572206d616c6573756164612070726f696e206c696265726f206e756e6320636f6e7365717561742e2053697420616d65742076656e656e617469732075726e61206375727375732065676574206e756e632e202e2e2e, '2019-01-01');

-- --------------------------------------------------------

--
-- Table structure for table `reltab`
--

CREATE TABLE `reltab` (
  `id` int(11) NOT NULL,
  `tid` int(11) NOT NULL
) ENGINE=InnoDB DEFAULT CHARSET=latin1;

--
-- Dumping data for table `reltab`
--

INSERT INTO `reltab` (`id`, `tid`) VALUES
(1, 1),
(1, 2),
(2, 3),
(2, 2),
(2, 1),
(2, 4),
(3, 5),
(6, 6),
(7, 7),
(8, 8),
(9, 9),
(10, 10),
(11, 11),
(12, 12),
(13, 13),
(14, 11),
(15, 14),
(16, 15),
(17, 16),
(18, 17),
(19, 18),
(20, 19),
(21, 20),
(22, 21),
(23, 22),
(25, 23);

-- --------------------------------------------------------

--
-- Table structure for table `tag`
--

CREATE TABLE `tag` (
  `tid` int(11) NOT NULL,
  `Tag` varchar(25) NOT NULL
) ENGINE=InnoDB DEFAULT CHARSET=latin1;

--
-- Dumping data for table `tag`
--

INSERT INTO `tag` (`tid`, `Tag`) VALUES
(1, 'kochi'),
(2, 'tvm'),
(3, 'bangluru'),
(4, 'delhi'),
(5, 'kerala'),
(6, 'asdsa'),
(7, 'rrtt'),
(8, 'ghjgh'),
(9, 'hjkhjkhjkhj'),
(10, 'ertret'),
(11, 'werew'),
(12, 'wefewf'),
(13, 'asddasdasdadasd'),
(14, 'hjkjh'),
(15, 'tyuyt'),
(16, 'tyutyuyt'),
(17, 'dfgdfgdfds'),
(18, 'dfdfg'),
(19, 'qwewqewwqeewwqe'),
(20, 'asdasdas'),
(21, 'aaaaaaaaaaaaaaa'),
(22, 'asdasd'),
(23, 'asdsadsadsadsadasdasdsa');

--
-- Indexes for dumped tables
--

--
-- Indexes for table `blog`
--
ALTER TABLE `blog`
  ADD PRIMARY KEY (`id`);

--
-- Indexes for table `tag`
--
ALTER TABLE `tag`
  ADD PRIMARY KEY (`tid`,`Tag`);

--
-- AUTO_INCREMENT for dumped tables
--

--
-- AUTO_INCREMENT for table `blog`
--
ALTER TABLE `blog`
  MODIFY `id` int(11) NOT NULL AUTO_INCREMENT, AUTO_INCREMENT=26;
--
-- AUTO_INCREMENT for table `tag`
--
ALTER TABLE `tag`
  MODIFY `tid` int(11) NOT NULL AUTO_INCREMENT, AUTO_INCREMENT=24;
/*!40101 SET CHARACTER_SET_CLIENT=@OLD_CHARACTER_SET_CLIENT */;
/*!40101 SET CHARACTER_SET_RESULTS=@OLD_CHARACTER_SET_RESULTS */;
/*!40101 SET COLLATION_CONNECTION=@OLD_COLLATION_CONNECTION */;
